{
  "lang":"fr",
  "name":"pipeline",
  "version":"0.0.0",
  "spacy_version":">=3.6.1,<3.7.0",
  "description":"",
  "author":"",
  "email":"",
  "url":"",
  "license":"",
  "spacy_git_version":"458bc5f45",
  "vectors":{
    "width":0,
    "vectors":0,
    "keys":0,
    "name":null,
    "mode":"default"
  },
  "labels":{
    "tok2vec":[

    ],
    "ner":[
      "AG",
      "AG CAD",
      "AG INT",
      "AG OUV",
      "AI",
      "AI CAD",
      "AI INT",
      "AI OUV",
      "ATOT",
      "ATOT CAD",
      "ATOT INT",
      "ATOT OUV",
      "CAD",
      "DATE",
      "DIR",
      "ENT",
      "INT",
      "NCAD",
      "NCAD AG",
      "NCAD AI",
      "NCAD ATOT",
      "NOUV",
      "NOUV AG",
      "NOUV AI",
      "OUV",
      "PPV",
      "PPVm",
      "SYND",
      "TOUS"
    ]
  },
  "pipeline":[
    "tok2vec",
    "ner"
  ],
  "components":[
    "tok2vec",
    "ner"
  ],
  "disabled":[

  ],
  "performance":{
    "ents_f":0.5310802655,
    "ents_p":0.5134189032,
    "ents_r":0.55,
    "ents_per_type":{
      "ENT":{
        "p":0.3947368421,
        "r":0.223880597,
        "f":0.2857142857
      },
      "DIR":{
        "p":0.5326086957,
        "r":0.5697674419,
        "f":0.5505617978
      },
      "SYND":{
        "p":0.6616541353,
        "r":0.8073394495,
        "f":0.7272727273
      },
      "AI":{
        "p":0.1428571429,
        "r":0.1904761905,
        "f":0.1632653061
      },
      "OUV":{
        "p":0.6125,
        "r":0.7777777778,
        "f":0.6853146853
      },
      "AG OUV":{
        "p":0.25,
        "r":0.0555555556,
        "f":0.0909090909
      },
      "AG":{
        "p":0.21875,
        "r":0.4666666667,
        "f":0.2978723404
      },
      "AG CAD":{
        "p":0.0,
        "r":0.0,
        "f":0.0
      },
      "DATE":{
        "p":0.5,
        "r":0.6530612245,
        "f":0.5663716814
      },
      "AG INT":{
        "p":0.0,
        "r":0.0,
        "f":0.0
      },
      "PPVm":{
        "p":0.4166666667,
        "r":0.4166666667,
        "f":0.4166666667
      },
      "CAD":{
        "p":0.6746987952,
        "r":0.7777777778,
        "f":0.7225806452
      },
      "INT":{
        "p":0.6428571429,
        "r":0.7659574468,
        "f":0.6990291262
      },
      "ATOT":{
        "p":0.2,
        "r":0.1666666667,
        "f":0.1818181818
      },
      "NCAD AG":{
        "p":0.0555555556,
        "r":0.0476190476,
        "f":0.0512820513
      },
      "AI CAD":{
        "p":0.5,
        "r":0.0625,
        "f":0.1111111111
      },
      "NCAD AI":{
        "p":0.3333333333,
        "r":0.2,
        "f":0.25
      },
      "NCAD":{
        "p":0.8378378378,
        "r":0.775,
        "f":0.8051948052
      },
      "ATOT CAD":{
        "p":0.0,
        "r":0.0,
        "f":0.0
      },
      "TOUS":{
        "p":0.275862069,
        "r":0.3076923077,
        "f":0.2909090909
      },
      "PPV":{
        "p":0.5,
        "r":0.5555555556,
        "f":0.5263157895
      },
      "NOUV AI":{
        "p":0.0,
        "r":0.0,
        "f":0.0
      },
      "AI OUV":{
        "p":1.0,
        "r":0.3333333333,
        "f":0.5
      },
      "AI INT":{
        "p":0.0,
        "r":0.0,
        "f":0.0
      },
      "ATOT INT":{
        "p":0.0,
        "r":0.0,
        "f":0.0
      },
      "ATOT OUV":{
        "p":0.0,
        "r":0.0,
        "f":0.0
      }
    },
    "tok2vec_loss":688.734455768,
    "ner_loss":1786.7286127301
  }
}