{
  "lang":"fr",
  "name":"pipeline",
  "version":"0.0.0",
  "spacy_version":">=3.6.1,<3.7.0",
  "description":"",
  "author":"",
  "email":"",
  "url":"",
  "license":"",
  "spacy_git_version":"458bc5f45",
  "vectors":{
    "width":0,
    "vectors":0,
    "keys":0,
    "name":null,
    "mode":"default"
  },
  "labels":{
    "tok2vec":[

    ],
    "ner":[
      "AG",
      "AG CAD",
      "AG INT",
      "AG OUV",
      "AI",
      "AI CAD",
      "AI INT",
      "AI OUV",
      "ATOT",
      "ATOT CAD",
      "ATOT INT",
      "ATOT OUV",
      "CAD",
      "DATE",
      "DIR",
      "ENT",
      "INT",
      "NCAD",
      "NCAD AG",
      "NCAD AI",
      "NCAD ATOT",
      "NOUV",
      "NOUV AG",
      "NOUV AI",
      "NOUV ATOT",
      "OUV",
      "PPV",
      "PPVm",
      "SYND",
      "TOUS"
    ]
  },
  "pipeline":[
    "tok2vec",
    "ner"
  ],
  "components":[
    "tok2vec",
    "ner"
  ],
  "disabled":[

  ],
  "performance":{
    "ents_f":0.5338983051,
    "ents_p":0.5786452354,
    "ents_r":0.4955752212,
    "ents_per_type":{
      "OUV":{
        "p":0.6575342466,
        "r":0.5,
        "f":0.5680473373
      },
      "INT":{
        "p":0.7816091954,
        "r":0.7555555556,
        "f":0.7683615819
      },
      "CAD":{
        "p":0.7215189873,
        "r":0.7037037037,
        "f":0.7125
      },
      "DIR":{
        "p":0.6764705882,
        "r":0.6699029126,
        "f":0.6731707317
      },
      "DATE":{
        "p":0.4736842105,
        "r":0.5526315789,
        "f":0.5101214575
      },
      "AG":{
        "p":0.1896551724,
        "r":0.34375,
        "f":0.2444444444
      },
      "ATOT":{
        "p":0.125,
        "r":0.0555555556,
        "f":0.0769230769
      },
      "PPV":{
        "p":0.4705882353,
        "r":0.5161290323,
        "f":0.4923076923
      },
      "ATOT OUV":{
        "p":0.0,
        "r":0.0,
        "f":0.0
      },
      "SYND":{
        "p":0.7734375,
        "r":0.6971830986,
        "f":0.7333333333
      },
      "ENT":{
        "p":0.4857142857,
        "r":0.1931818182,
        "f":0.2764227642
      },
      "PPVm":{
        "p":0.25,
        "r":0.2,
        "f":0.2222222222
      },
      "NCAD":{
        "p":0.875,
        "r":0.6829268293,
        "f":0.7671232877
      },
      "NCAD AI":{
        "p":0.0,
        "r":0.0,
        "f":0.0
      },
      "TOUS":{
        "p":0.3265306122,
        "r":0.5517241379,
        "f":0.4102564103
      },
      "AI":{
        "p":0.2580645161,
        "r":0.4,
        "f":0.3137254902
      },
      "AG OUV":{
        "p":0.0,
        "r":0.0,
        "f":0.0
      },
      "AG INT":{
        "p":0.0,
        "r":0.0,
        "f":0.0
      },
      "ATOT CAD":{
        "p":0.0,
        "r":0.0,
        "f":0.0
      },
      "NCAD AG":{
        "p":0.0,
        "r":0.0,
        "f":0.0
      },
      "NCAD ATOT":{
        "p":0.0,
        "r":0.0,
        "f":0.0
      },
      "AI CAD":{
        "p":0.0,
        "r":0.0,
        "f":0.0
      },
      "AG CAD":{
        "p":0.0,
        "r":0.0,
        "f":0.0
      },
      "AI INT":{
        "p":0.0,
        "r":0.0,
        "f":0.0
      },
      "AI OUV":{
        "p":0.0,
        "r":0.0,
        "f":0.0
      },
      "NOUV AG":{
        "p":0.0,
        "r":0.0,
        "f":0.0
      },
      "NOUV":{
        "p":0.0,
        "r":0.0,
        "f":0.0
      },
      "NOUV AI":{
        "p":0.0,
        "r":0.0,
        "f":0.0
      },
      "ATOT INT":{
        "p":0.0,
        "r":0.0,
        "f":0.0
      }
    },
    "tok2vec_loss":6245.8099115873,
    "ner_loss":2181.7360193979
  }
}