{
  "lang":"fr",
  "name":"pipeline",
  "version":"0.0.0",
  "spacy_version":">=3.6.1,<3.7.0",
  "description":"",
  "author":"",
  "email":"",
  "url":"",
  "license":"",
  "spacy_git_version":"458bc5f45",
  "vectors":{
    "width":0,
    "vectors":0,
    "keys":0,
    "name":null,
    "mode":"default"
  },
  "labels":{
    "tok2vec":[

    ],
    "ner":[
      "AG",
      "AG CAD",
      "AG INT",
      "AG OUV",
      "AI",
      "AI CAD",
      "AI INT",
      "AI OUV",
      "ATOT",
      "ATOT CAD",
      "ATOT INT",
      "ATOT OUV",
      "CAD",
      "DATE",
      "DIR",
      "ENT",
      "INT",
      "NCAD",
      "NCAD AG",
      "NCAD AI",
      "OUV",
      "PPV",
      "PPVm",
      "SYND",
      "TOUS"
    ]
  },
  "pipeline":[
    "tok2vec",
    "ner"
  ],
  "components":[
    "tok2vec",
    "ner"
  ],
  "disabled":[

  ],
  "performance":{
    "ents_f":0.3100189036,
    "ents_p":0.3445378151,
    "ents_r":0.2817869416,
    "ents_per_type":{
      "TOUS":{
        "p":0.0625,
        "r":0.1111111111,
        "f":0.08
      },
      "CAD":{
        "p":0.4166666667,
        "r":0.5882352941,
        "f":0.487804878
      },
      "AG":{
        "p":0.1818181818,
        "r":0.125,
        "f":0.1481481481
      },
      "PPV":{
        "p":0.0882352941,
        "r":0.0789473684,
        "f":0.0833333333
      },
      "PPVm":{
        "p":0.4444444444,
        "r":0.2857142857,
        "f":0.347826087
      },
      "AG CAD":{
        "p":0.0,
        "r":0.0,
        "f":0.0
      },
      "DATE":{
        "p":0.25,
        "r":0.09375,
        "f":0.1363636364
      },
      "SYND":{
        "p":0.8888888889,
        "r":0.6,
        "f":0.7164179104
      },
      "AI":{
        "p":0.15,
        "r":0.2307692308,
        "f":0.1818181818
      },
      "AI OUV":{
        "p":0.0,
        "r":0.0,
        "f":0.0
      },
      "OUV":{
        "p":0.7333333333,
        "r":0.6875,
        "f":0.7096774194
      },
      "INT":{
        "p":0.6923076923,
        "r":0.9473684211,
        "f":0.8
      },
      "AG OUV":{
        "p":0.0,
        "r":0.0,
        "f":0.0
      },
      "AI INT":{
        "p":0.0,
        "r":0.0,
        "f":0.0
      },
      "DIR":{
        "p":0.1578947368,
        "r":0.1666666667,
        "f":0.1621621622
      },
      "ENT":{
        "p":0.0,
        "r":0.0,
        "f":0.0
      },
      "ATOT":{
        "p":0.0,
        "r":0.0,
        "f":0.0
      },
      "NCAD AG":{
        "p":0.0,
        "r":0.0,
        "f":0.0
      },
      "ATOT CAD":{
        "p":0.0,
        "r":0.0,
        "f":0.0
      },
      "ATOT INT":{
        "p":0.0,
        "r":0.0,
        "f":0.0
      },
      "AI CAD":{
        "p":0.0,
        "r":0.0,
        "f":0.0
      },
      "AG INT":{
        "p":0.0,
        "r":0.0,
        "f":0.0
      }
    },
    "tok2vec_loss":623.7854183961,
    "ner_loss":984.3949180979
  }
}