{
  "lang":"fr",
  "name":"pipeline",
  "version":"0.0.0",
  "spacy_version":">=3.6.1,<3.7.0",
  "description":"",
  "author":"",
  "email":"",
  "url":"",
  "license":"",
  "spacy_git_version":"458bc5f45",
  "vectors":{
    "width":0,
    "vectors":0,
    "keys":0,
    "name":null,
    "mode":"default"
  },
  "labels":{
    "tok2vec":[

    ],
    "ner":[
      "AG",
      "AG CAD",
      "AG INT",
      "AG OUV",
      "AI",
      "AI CAD",
      "AI INT",
      "AI OUV",
      "ATOT",
      "ATOT CAD",
      "ATOT INT",
      "ATOT OUV",
      "CAD",
      "DATE",
      "DIR",
      "ENT",
      "INT",
      "NCAD",
      "NCAD AG",
      "NCAD AI",
      "NCAD ATOT",
      "NOUV",
      "NOUV AG",
      "NOUV AI",
      "OUV",
      "PPV",
      "PPVm",
      "SYND",
      "TOUS"
    ]
  },
  "pipeline":[
    "tok2vec",
    "ner"
  ],
  "components":[
    "tok2vec",
    "ner"
  ],
  "disabled":[

  ],
  "performance":{
    "ents_f":0.4815286624,
    "ents_p":0.4909090909,
    "ents_r":0.4725,
    "ents_per_type":{
      "ENT":{
        "p":0.6551724138,
        "r":0.2835820896,
        "f":0.3958333333
      },
      "DIR":{
        "p":0.4318181818,
        "r":0.4418604651,
        "f":0.4367816092
      },
      "SYND":{
        "p":0.738317757,
        "r":0.7247706422,
        "f":0.7314814815
      },
      "AI":{
        "p":0.25,
        "r":0.1904761905,
        "f":0.2162162162
      },
      "OUV":{
        "p":0.6538461538,
        "r":0.5396825397,
        "f":0.5913043478
      },
      "AG OUV":{
        "p":0.1111111111,
        "r":0.1111111111,
        "f":0.1111111111
      },
      "AG CAD":{
        "p":0.0,
        "r":0.0,
        "f":0.0
      },
      "DATE":{
        "p":0.5287356322,
        "r":0.4693877551,
        "f":0.4972972973
      },
      "AG INT":{
        "p":0.0,
        "r":0.0,
        "f":0.0
      },
      "PPVm":{
        "p":0.4,
        "r":0.3333333333,
        "f":0.3636363636
      },
      "AG":{
        "p":0.2222222222,
        "r":0.4,
        "f":0.2857142857
      },
      "CAD":{
        "p":0.6455696203,
        "r":0.7083333333,
        "f":0.6754966887
      },
      "INT":{
        "p":0.5681818182,
        "r":0.5319148936,
        "f":0.5494505495
      },
      "ATOT":{
        "p":0.1052631579,
        "r":0.3333333333,
        "f":0.16
      },
      "AI OUV":{
        "p":0.1111111111,
        "r":0.3333333333,
        "f":0.1666666667
      },
      "AI CAD":{
        "p":0.2173913043,
        "r":0.3125,
        "f":0.2564102564
      },
      "NCAD AG":{
        "p":0.0,
        "r":0.0,
        "f":0.0
      },
      "NCAD AI":{
        "p":0.3333333333,
        "r":0.2,
        "f":0.25
      },
      "NCAD":{
        "p":0.8421052632,
        "r":0.8,
        "f":0.8205128205
      },
      "ATOT CAD":{
        "p":0.0,
        "r":0.0,
        "f":0.0
      },
      "TOUS":{
        "p":0.14,
        "r":0.2692307692,
        "f":0.1842105263
      },
      "PPV":{
        "p":0.6666666667,
        "r":0.5925925926,
        "f":0.6274509804
      },
      "NOUV AI":{
        "p":0.0,
        "r":0.0,
        "f":0.0
      },
      "ATOT OUV":{
        "p":0.0,
        "r":0.0,
        "f":0.0
      },
      "AI INT":{
        "p":0.0,
        "r":0.0,
        "f":0.0
      },
      "ATOT INT":{
        "p":0.0,
        "r":0.0,
        "f":0.0
      }
    },
    "tok2vec_loss":845.8741430269,
    "ner_loss":1407.4744077744
  }
}