{
  "lang":"fr",
  "name":"pipeline",
  "version":"0.0.0",
  "spacy_version":">=3.6.1,<3.7.0",
  "description":"",
  "author":"",
  "email":"",
  "url":"",
  "license":"",
  "spacy_git_version":"458bc5f45",
  "vectors":{
    "width":0,
    "vectors":0,
    "keys":0,
    "name":null,
    "mode":"default"
  },
  "labels":{
    "tok2vec":[

    ],
    "ner":[
      "AG",
      "AG CAD",
      "AG INT",
      "AG OUV",
      "AI",
      "AI CAD",
      "AI INT",
      "AI OUV",
      "ATOT",
      "ATOT CAD",
      "ATOT INT",
      "ATOT OUV",
      "CAD",
      "DATE",
      "DIR",
      "ENT",
      "INT",
      "OUV",
      "PPV",
      "PPVm",
      "SYND",
      "TOUS"
    ]
  },
  "pipeline":[
    "tok2vec",
    "ner"
  ],
  "components":[
    "tok2vec",
    "ner"
  ],
  "disabled":[

  ],
  "performance":{
    "ents_f":0.9638554217,
    "ents_p":0.9707112971,
    "ents_r":0.9570957096,
    "ents_per_type":{
      "AI OUV":{
        "p":1.0,
        "r":0.6,
        "f":0.75
      },
      "OUV":{
        "p":0.9191919192,
        "r":0.9891304348,
        "f":0.9528795812
      },
      "AI INT":{
        "p":0.8333333333,
        "r":0.8333333333,
        "f":0.8333333333
      },
      "INT":{
        "p":0.9638554217,
        "r":0.9411764706,
        "f":0.9523809524
      },
      "AI CAD":{
        "p":1.0,
        "r":0.8571428571,
        "f":0.9230769231
      },
      "CAD":{
        "p":0.9680851064,
        "r":0.9680851064,
        "f":0.9680851064
      },
      "AG OUV":{
        "p":0.9523809524,
        "r":1.0,
        "f":0.9756097561
      },
      "AG INT":{
        "p":1.0,
        "r":0.8461538462,
        "f":0.9166666667
      },
      "AG CAD":{
        "p":1.0,
        "r":0.9090909091,
        "f":0.9523809524
      },
      "SYND":{
        "p":1.0,
        "r":1.0,
        "f":1.0
      },
      "DIR":{
        "p":1.0,
        "r":1.0,
        "f":1.0
      },
      "AI":{
        "p":0.976744186,
        "r":1.0,
        "f":0.9882352941
      },
      "DATE":{
        "p":0.9517241379,
        "r":0.9517241379,
        "f":0.9517241379
      },
      "PPV":{
        "p":0.989010989,
        "r":0.9183673469,
        "f":0.9523809524
      },
      "AG":{
        "p":0.9756097561,
        "r":0.9638554217,
        "f":0.9696969697
      },
      "PPVm":{
        "p":0.9787234043,
        "r":0.9583333333,
        "f":0.9684210526
      },
      "ENT":{
        "p":0.9807692308,
        "r":0.9902912621,
        "f":0.9855072464
      },
      "TOUS":{
        "p":0.9714285714,
        "r":0.85,
        "f":0.9066666667
      },
      "ATOT OUV":{
        "p":1.0,
        "r":0.5,
        "f":0.6666666667
      },
      "ATOT":{
        "p":1.0,
        "r":1.0,
        "f":1.0
      },
      "ATOT CAD":{
        "p":0.6666666667,
        "r":1.0,
        "f":0.8
      },
      "ATOT INT":{
        "p":0.6666666667,
        "r":0.6666666667,
        "f":0.6666666667
      }
    },
    "tok2vec_loss":7273.6280363302,
    "ner_loss":477.6789851557
  }
}