{
  "lang":"fr",
  "name":"pipeline",
  "version":"0.0.0",
  "spacy_version":">=3.6.1,<3.7.0",
  "description":"",
  "author":"",
  "email":"",
  "url":"",
  "license":"",
  "spacy_git_version":"458bc5f45",
  "vectors":{
    "width":0,
    "vectors":0,
    "keys":0,
    "name":null,
    "mode":"default"
  },
  "labels":{
    "tok2vec":[

    ],
    "ner":[
      "AG",
      "AG CAD",
      "AG INT",
      "AG OUV",
      "AI",
      "AI CAD",
      "AI INT",
      "AI OUV",
      "ATOT",
      "ATOT CAD",
      "ATOT INT",
      "ATOT OUV",
      "CAD",
      "DATE",
      "DIR",
      "ENT",
      "INT",
      "NCAD",
      "NCAD AG",
      "NCAD AI",
      "NCAD ATOT",
      "NOUV AG",
      "NOUV AI",
      "OUV",
      "PPV",
      "PPVm",
      "SYND",
      "TOUS"
    ]
  },
  "pipeline":[
    "tok2vec",
    "ner"
  ],
  "components":[
    "tok2vec",
    "ner"
  ],
  "disabled":[

  ],
  "performance":{
    "ents_f":0.4968553459,
    "ents_p":0.5386363636,
    "ents_r":0.4610894942,
    "ents_per_type":{
      "DATE":{
        "p":0.4929577465,
        "r":0.6140350877,
        "f":0.546875
      },
      "NCAD":{
        "p":0.8,
        "r":0.7407407407,
        "f":0.7692307692
      },
      "CAD":{
        "p":0.7297297297,
        "r":0.7297297297,
        "f":0.7297297297
      },
      "AI CAD":{
        "p":0.1428571429,
        "r":0.25,
        "f":0.1818181818
      },
      "PPV":{
        "p":0.696969697,
        "r":0.6052631579,
        "f":0.6478873239
      },
      "PPVm":{
        "p":0.3333333333,
        "r":0.0625,
        "f":0.1052631579
      },
      "NCAD AI":{
        "p":0.8,
        "r":0.3076923077,
        "f":0.4444444444
      },
      "NCAD ATOT":{
        "p":0.0,
        "r":0.0,
        "f":0.0
      },
      "DIR":{
        "p":0.4615384615,
        "r":0.3913043478,
        "f":0.4235294118
      },
      "TOUS":{
        "p":0.3684210526,
        "r":0.3888888889,
        "f":0.3783783784
      },
      "AG":{
        "p":0.3225806452,
        "r":0.2857142857,
        "f":0.303030303
      },
      "ENT":{
        "p":0.4166666667,
        "r":0.1282051282,
        "f":0.1960784314
      },
      "SYND":{
        "p":0.7380952381,
        "r":0.7380952381,
        "f":0.7380952381
      },
      "AG CAD":{
        "p":0.2,
        "r":0.0833333333,
        "f":0.1176470588
      },
      "NCAD AG":{
        "p":0.1818181818,
        "r":0.0833333333,
        "f":0.1142857143
      },
      "AI":{
        "p":0.2307692308,
        "r":0.1875,
        "f":0.2068965517
      },
      "OUV":{
        "p":0.7272727273,
        "r":0.8888888889,
        "f":0.8
      },
      "INT":{
        "p":0.6666666667,
        "r":0.5925925926,
        "f":0.6274509804
      },
      "AI OUV":{
        "p":0.0,
        "r":0.0,
        "f":0.0
      },
      "AG OUV":{
        "p":0.0,
        "r":0.0,
        "f":0.0
      },
      "ATOT CAD":{
        "p":0.0,
        "r":0.0,
        "f":0.0
      },
      "NOUV":{
        "p":0.0,
        "r":0.0,
        "f":0.0
      },
      "ATOT INT":{
        "p":0.0,
        "r":0.0,
        "f":0.0
      },
      "ATOT":{
        "p":0.0,
        "r":0.0,
        "f":0.0
      },
      "AI INT":{
        "p":0.0,
        "r":0.0,
        "f":0.0
      },
      "AG INT":{
        "p":0.0,
        "r":0.0,
        "f":0.0
      }
    },
    "tok2vec_loss":7486.6756234264,
    "ner_loss":1588.841106964
  }
}