{
  "lang":"fr",
  "name":"pipeline",
  "version":"0.0.0",
  "spacy_version":">=3.6.1,<3.7.0",
  "description":"",
  "author":"",
  "email":"",
  "url":"",
  "license":"",
  "spacy_git_version":"458bc5f45",
  "vectors":{
    "width":0,
    "vectors":0,
    "keys":0,
    "name":null,
    "mode":"default"
  },
  "labels":{
    "tok2vec":[

    ],
    "ner":[
      "AG",
      "AG CAD",
      "AG INT",
      "AG OUV",
      "AI",
      "AI CAD",
      "AI INT",
      "AI OUV",
      "ATOT",
      "ATOT CAD",
      "ATOT INT",
      "ATOT OUV",
      "CAD",
      "DATE",
      "DIR",
      "ENT",
      "INT",
      "NCAD",
      "NCAD AG",
      "NCAD AI",
      "OUV",
      "PPV",
      "PPVm",
      "SYND",
      "TOUS"
    ]
  },
  "pipeline":[
    "tok2vec",
    "ner"
  ],
  "components":[
    "tok2vec",
    "ner"
  ],
  "disabled":[

  ],
  "performance":{
    "ents_f":0.4568690096,
    "ents_p":0.4268656716,
    "ents_r":0.4914089347,
    "ents_per_type":{
      "TOUS":{
        "p":0.0,
        "r":0.0,
        "f":0.0
      },
      "DATE":{
        "p":0.350877193,
        "r":0.625,
        "f":0.4494382022
      },
      "PPV":{
        "p":0.6,
        "r":0.6315789474,
        "f":0.6153846154
      },
      "PPVm":{
        "p":0.375,
        "r":0.4285714286,
        "f":0.4
      },
      "AG CAD":{
        "p":0.0,
        "r":0.0,
        "f":0.0
      },
      "CAD":{
        "p":0.5217391304,
        "r":0.7058823529,
        "f":0.6
      },
      "SYND":{
        "p":0.7073170732,
        "r":0.725,
        "f":0.7160493827
      },
      "AI":{
        "p":0.2142857143,
        "r":0.4615384615,
        "f":0.2926829268
      },
      "AI OUV":{
        "p":0.0,
        "r":0.0,
        "f":0.0
      },
      "AG":{
        "p":0.1666666667,
        "r":0.125,
        "f":0.1428571429
      },
      "DIR":{
        "p":0.2564102564,
        "r":0.5555555556,
        "f":0.350877193
      },
      "OUV":{
        "p":0.625,
        "r":0.9375,
        "f":0.75
      },
      "INT":{
        "p":0.6206896552,
        "r":0.9473684211,
        "f":0.75
      },
      "ENT":{
        "p":0.0833333333,
        "r":0.0322580645,
        "f":0.0465116279
      },
      "AI CAD":{
        "p":0.0,
        "r":0.0,
        "f":0.0
      },
      "ATOT":{
        "p":0.0,
        "r":0.0,
        "f":0.0
      },
      "NCAD AG":{
        "p":0.0,
        "r":0.0,
        "f":0.0
      },
      "AI INT":{
        "p":0.0,
        "r":0.0,
        "f":0.0
      },
      "AG INT":{
        "p":0.0,
        "r":0.0,
        "f":0.0
      },
      "AG OUV":{
        "p":0.0,
        "r":0.0,
        "f":0.0
      },
      "ATOT CAD":{
        "p":0.0,
        "r":0.0,
        "f":0.0
      }
    },
    "tok2vec_loss":621.7546584008,
    "ner_loss":1453.8600485425
  }
}