{
  "lang":"fr",
  "name":"pipeline",
  "version":"0.0.0",
  "spacy_version":">=3.6.1,<3.7.0",
  "description":"",
  "author":"",
  "email":"",
  "url":"",
  "license":"",
  "spacy_git_version":"458bc5f45",
  "vectors":{
    "width":0,
    "vectors":0,
    "keys":0,
    "name":null,
    "mode":"default"
  },
  "labels":{
    "tok2vec":[

    ],
    "ner":[
      "AG",
      "AG CAD",
      "AG INT",
      "AG OUV",
      "AI",
      "AI CAD",
      "AI INT",
      "AI OUV",
      "ATOT",
      "ATOT CAD",
      "ATOT INT",
      "ATOT OUV",
      "CAD",
      "INT",
      "NCAD",
      "NCAD AG",
      "NCAD AI",
      "NOUV",
      "NOUV AG",
      "NOUV AI",
      "OUV",
      "PPV",
      "PPVm",
      "TOUS"
    ]
  },
  "pipeline":[
    "tok2vec",
    "ner"
  ],
  "components":[
    "tok2vec",
    "ner"
  ],
  "disabled":[

  ],
  "performance":{
    "ents_f":0.4095063985,
    "ents_p":0.4590163934,
    "ents_r":0.3696369637,
    "ents_per_type":{
      "ATOT":{
        "p":0.0714285714,
        "r":0.2,
        "f":0.1052631579
      },
      "AI":{
        "p":0.21875,
        "r":0.3888888889,
        "f":0.28
      },
      "TOUS":{
        "p":0.0,
        "r":0.0,
        "f":0.0
      },
      "AG":{
        "p":0.3333333333,
        "r":0.4482758621,
        "f":0.3823529412
      },
      "INT":{
        "p":0.5454545455,
        "r":0.1764705882,
        "f":0.2666666667
      },
      "OUV":{
        "p":0.7741935484,
        "r":0.6857142857,
        "f":0.7272727273
      },
      "PPV":{
        "p":0.6428571429,
        "r":0.6428571429,
        "f":0.6428571429
      },
      "AI CAD":{
        "p":0.0,
        "r":0.0,
        "f":0.0
      },
      "NCAD":{
        "p":0.6428571429,
        "r":0.6923076923,
        "f":0.6666666667
      },
      "NCAD AG":{
        "p":0.3333333333,
        "r":0.1304347826,
        "f":0.1875
      },
      "CAD":{
        "p":0.6,
        "r":0.6,
        "f":0.6
      },
      "AG CAD":{
        "p":0.0,
        "r":0.0,
        "f":0.0
      },
      "PPVm":{
        "p":0.4285714286,
        "r":0.2,
        "f":0.2727272727
      },
      "ATOT OUV":{
        "p":0.0,
        "r":0.0,
        "f":0.0
      },
      "AI OUV":{
        "p":0.0,
        "r":0.0,
        "f":0.0
      },
      "AG OUV":{
        "p":0.0,
        "r":0.0,
        "f":0.0
      },
      "NOUV AI":{
        "p":0.0,
        "r":0.0,
        "f":0.0
      },
      "AG INT":{
        "p":0.0,
        "r":0.0,
        "f":0.0
      },
      "ATOT CAD":{
        "p":0.0,
        "r":0.0,
        "f":0.0
      },
      "NCAD AI":{
        "p":0.3333333333,
        "r":0.3333333333,
        "f":0.3333333333
      },
      "ATOT INT":{
        "p":0.0,
        "r":0.0,
        "f":0.0
      }
    },
    "tok2vec_loss":489.1488441936,
    "ner_loss":1107.3747142802
  }
}