{
  "lang":"fr",
  "name":"pipeline",
  "version":"0.0.0",
  "spacy_version":">=3.6.1,<3.7.0",
  "description":"",
  "author":"",
  "email":"",
  "url":"",
  "license":"",
  "spacy_git_version":"458bc5f45",
  "vectors":{
    "width":0,
    "vectors":0,
    "keys":0,
    "name":null,
    "mode":"default"
  },
  "labels":{
    "tok2vec":[

    ],
    "ner":[
      "AG",
      "AG CAD",
      "AG INT",
      "AG OUV",
      "AI",
      "AI CAD",
      "AI INT",
      "AI OUV",
      "ATOT",
      "ATOT CAD",
      "ATOT INT",
      "ATOT OUV",
      "CAD",
      "DATE",
      "DIR",
      "ENT",
      "INT",
      "OUV",
      "PPV",
      "PPVm",
      "SYND",
      "TOUS"
    ]
  },
  "pipeline":[
    "tok2vec",
    "ner"
  ],
  "components":[
    "tok2vec",
    "ner"
  ],
  "disabled":[

  ],
  "performance":{
    "ents_f":0.9628392484,
    "ents_p":0.9746407439,
    "ents_r":0.951320132,
    "ents_per_type":{
      "AI OUV":{
        "p":0.7692307692,
        "r":1.0,
        "f":0.8695652174
      },
      "OUV":{
        "p":1.0,
        "r":0.9130434783,
        "f":0.9545454545
      },
      "AI INT":{
        "p":1.0,
        "r":0.75,
        "f":0.8571428571
      },
      "INT":{
        "p":0.9222222222,
        "r":0.9764705882,
        "f":0.9485714286
      },
      "AI CAD":{
        "p":0.9285714286,
        "r":0.9285714286,
        "f":0.9285714286
      },
      "CAD":{
        "p":1.0,
        "r":0.9468085106,
        "f":0.9726775956
      },
      "AG OUV":{
        "p":1.0,
        "r":0.9,
        "f":0.9473684211
      },
      "AG INT":{
        "p":0.8571428571,
        "r":0.9230769231,
        "f":0.8888888889
      },
      "AG CAD":{
        "p":1.0,
        "r":0.8636363636,
        "f":0.9268292683
      },
      "SYND":{
        "p":1.0,
        "r":1.0,
        "f":1.0
      },
      "DIR":{
        "p":1.0,
        "r":1.0,
        "f":1.0
      },
      "AI":{
        "p":1.0,
        "r":0.9761904762,
        "f":0.9879518072
      },
      "DATE":{
        "p":0.958041958,
        "r":0.9448275862,
        "f":0.9513888889
      },
      "PPV":{
        "p":0.9885057471,
        "r":0.8775510204,
        "f":0.9297297297
      },
      "AG":{
        "p":0.9642857143,
        "r":0.9759036145,
        "f":0.9700598802
      },
      "PPVm":{
        "p":1.0,
        "r":0.9375,
        "f":0.9677419355
      },
      "ENT":{
        "p":0.9901960784,
        "r":0.9805825243,
        "f":0.9853658537
      },
      "TOUS":{
        "p":0.9487179487,
        "r":0.925,
        "f":0.9367088608
      },
      "ATOT OUV":{
        "p":1.0,
        "r":0.5,
        "f":0.6666666667
      },
      "ATOT":{
        "p":1.0,
        "r":1.0,
        "f":1.0
      },
      "ATOT CAD":{
        "p":1.0,
        "r":0.75,
        "f":0.8571428571
      },
      "ATOT INT":{
        "p":0.5,
        "r":1.0,
        "f":0.6666666667
      }
    },
    "tok2vec_loss":8079.2287248087,
    "ner_loss":526.862426982
  }
}