{
  "lang":"fr",
  "name":"pipeline",
  "version":"0.0.0",
  "spacy_version":">=3.6.1,<3.7.0",
  "description":"",
  "author":"",
  "email":"",
  "url":"",
  "license":"",
  "spacy_git_version":"458bc5f45",
  "vectors":{
    "width":0,
    "vectors":0,
    "keys":0,
    "name":null,
    "mode":"default"
  },
  "labels":{
    "tok2vec":[

    ],
    "ner":[
      "AG",
      "AG CAD",
      "AG INT",
      "AG OUV",
      "AI",
      "AI CAD",
      "AI INT",
      "AI OUV",
      "ATOT",
      "ATOT CAD",
      "ATOT INT",
      "ATOT OUV",
      "CAD",
      "DATE",
      "DIR",
      "ENT",
      "INT",
      "NCAD",
      "NCAD AG",
      "NCAD AI",
      "NCAD ATOT",
      "NOUV AG",
      "NOUV AI",
      "OUV",
      "PPV",
      "PPVm",
      "SYND",
      "TOUS"
    ]
  },
  "pipeline":[
    "tok2vec",
    "ner"
  ],
  "components":[
    "tok2vec",
    "ner"
  ],
  "disabled":[

  ],
  "performance":{
    "ents_f":0.432,
    "ents_p":0.5235457064,
    "ents_r":0.3677042802,
    "ents_per_type":{
      "NCAD AI":{
        "p":0.8,
        "r":0.3076923077,
        "f":0.4444444444
      },
      "TOUS":{
        "p":0.3043478261,
        "r":0.3888888889,
        "f":0.3414634146
      },
      "PPV":{
        "p":0.4,
        "r":0.1578947368,
        "f":0.2264150943
      },
      "PPVm":{
        "p":0.0,
        "r":0.0,
        "f":0.0
      },
      "DATE":{
        "p":0.55,
        "r":0.3859649123,
        "f":0.4536082474
      },
      "CAD":{
        "p":0.7391304348,
        "r":0.4594594595,
        "f":0.5666666667
      },
      "NCAD ATOT":{
        "p":0.0,
        "r":0.0,
        "f":0.0
      },
      "NCAD":{
        "p":0.76,
        "r":0.7037037037,
        "f":0.7307692308
      },
      "AI CAD":{
        "p":0.0909090909,
        "r":0.125,
        "f":0.1052631579
      },
      "DIR":{
        "p":0.5227272727,
        "r":0.5,
        "f":0.5111111111
      },
      "AG":{
        "p":0.2962962963,
        "r":0.2285714286,
        "f":0.2580645161
      },
      "ENT":{
        "p":0.3333333333,
        "r":0.1282051282,
        "f":0.1851851852
      },
      "SYND":{
        "p":0.7272727273,
        "r":0.7619047619,
        "f":0.7441860465
      },
      "AG CAD":{
        "p":0.0,
        "r":0.0,
        "f":0.0
      },
      "NCAD AG":{
        "p":0.2941176471,
        "r":0.2083333333,
        "f":0.243902439
      },
      "ATOT":{
        "p":0.2307692308,
        "r":0.5,
        "f":0.3157894737
      },
      "AI":{
        "p":0.5714285714,
        "r":0.25,
        "f":0.347826087
      },
      "OUV":{
        "p":0.8181818182,
        "r":0.75,
        "f":0.7826086957
      },
      "INT":{
        "p":1.0,
        "r":0.2222222222,
        "f":0.3636363636
      },
      "AI OUV":{
        "p":0.0,
        "r":0.0,
        "f":0.0
      },
      "AG OUV":{
        "p":0.0,
        "r":0.0,
        "f":0.0
      },
      "ATOT CAD":{
        "p":0.0,
        "r":0.0,
        "f":0.0
      },
      "NOUV":{
        "p":0.0,
        "r":0.0,
        "f":0.0
      },
      "ATOT INT":{
        "p":0.0,
        "r":0.0,
        "f":0.0
      },
      "AI INT":{
        "p":0.0,
        "r":0.0,
        "f":0.0
      },
      "AG INT":{
        "p":0.0,
        "r":0.0,
        "f":0.0
      }
    },
    "tok2vec_loss":1199.0512537589,
    "ner_loss":1141.0801943371
  }
}