{
  "lang":"fr",
  "name":"pipeline",
  "version":"0.0.0",
  "spacy_version":">=3.6.1,<3.7.0",
  "description":"",
  "author":"",
  "email":"",
  "url":"",
  "license":"",
  "spacy_git_version":"458bc5f45",
  "vectors":{
    "width":0,
    "vectors":0,
    "keys":0,
    "name":null,
    "mode":"default"
  },
  "labels":{
    "tok2vec":[

    ],
    "ner":[
      "AG",
      "AG CAD",
      "AG INT",
      "AG OUV",
      "AI",
      "AI CAD",
      "AI INT",
      "AI OUV",
      "ATOT",
      "ATOT CAD",
      "ATOT INT",
      "ATOT OUV",
      "CAD",
      "DATE",
      "DIR",
      "ENT",
      "INT",
      "NCAD",
      "NCAD AG",
      "NCAD AI",
      "NCAD ATOT",
      "NOUV",
      "NOUV AG",
      "NOUV AI",
      "NOUV ATOT",
      "OUV",
      "PPV",
      "PPVm",
      "SYND",
      "TOUS"
    ]
  },
  "pipeline":[
    "tok2vec",
    "ner"
  ],
  "components":[
    "tok2vec",
    "ner"
  ],
  "disabled":[

  ],
  "performance":{
    "ents_f":0.5002541942,
    "ents_p":0.5178947368,
    "ents_r":0.4837758112,
    "ents_per_type":{
      "OUV":{
        "p":0.6447368421,
        "r":0.5104166667,
        "f":0.5697674419
      },
      "INT":{
        "p":0.7666666667,
        "r":0.7666666667,
        "f":0.7666666667
      },
      "CAD":{
        "p":0.7115384615,
        "r":0.4567901235,
        "f":0.5563909774
      },
      "DATE":{
        "p":0.5,
        "r":0.4912280702,
        "f":0.4955752212
      },
      "ATOT":{
        "p":0.1,
        "r":0.1111111111,
        "f":0.1052631579
      },
      "DIR":{
        "p":0.6216216216,
        "r":0.6699029126,
        "f":0.6448598131
      },
      "SYND":{
        "p":0.6742857143,
        "r":0.8309859155,
        "f":0.7444794953
      },
      "PPV":{
        "p":0.3913043478,
        "r":0.5806451613,
        "f":0.4675324675
      },
      "AG":{
        "p":0.0555555556,
        "r":0.0625,
        "f":0.0588235294
      },
      "AG OUV":{
        "p":0.1,
        "r":0.12,
        "f":0.1090909091
      },
      "AI":{
        "p":0.1818181818,
        "r":0.3,
        "f":0.2264150943
      },
      "ATOT OUV":{
        "p":0.0,
        "r":0.0,
        "f":0.0
      },
      "ENT":{
        "p":0.5714285714,
        "r":0.1363636364,
        "f":0.2201834862
      },
      "NCAD AG":{
        "p":0.1219512195,
        "r":0.25,
        "f":0.1639344262
      },
      "AI CAD":{
        "p":0.0,
        "r":0.0,
        "f":0.0
      },
      "PPVm":{
        "p":0.25,
        "r":0.0666666667,
        "f":0.1052631579
      },
      "NCAD":{
        "p":0.8157894737,
        "r":0.756097561,
        "f":0.7848101266
      },
      "TOUS":{
        "p":0.2777777778,
        "r":0.3448275862,
        "f":0.3076923077
      },
      "AG INT":{
        "p":0.4,
        "r":0.1666666667,
        "f":0.2352941176
      },
      "ATOT CAD":{
        "p":0.0,
        "r":0.0,
        "f":0.0
      },
      "NCAD AI":{
        "p":0.1818181818,
        "r":0.25,
        "f":0.2105263158
      },
      "NCAD ATOT":{
        "p":0.0,
        "r":0.0,
        "f":0.0
      },
      "AG CAD":{
        "p":0.0,
        "r":0.0,
        "f":0.0
      },
      "AI INT":{
        "p":0.0,
        "r":0.0,
        "f":0.0
      },
      "AI OUV":{
        "p":0.0,
        "r":0.0,
        "f":0.0
      },
      "NOUV AG":{
        "p":0.0,
        "r":0.0,
        "f":0.0
      },
      "NOUV":{
        "p":0.0,
        "r":0.0,
        "f":0.0
      },
      "NOUV AI":{
        "p":0.0,
        "r":0.0,
        "f":0.0
      },
      "ATOT INT":{
        "p":0.0,
        "r":0.0,
        "f":0.0
      }
    },
    "tok2vec_loss":869.8953171172,
    "ner_loss":1609.5466695077
  }
}