{
  "lang":"fr",
  "name":"pipeline",
  "version":"0.0.0",
  "spacy_version":">=3.6.1,<3.7.0",
  "description":"",
  "author":"",
  "email":"",
  "url":"",
  "license":"",
  "spacy_git_version":"458bc5f45",
  "vectors":{
    "width":0,
    "vectors":0,
    "keys":0,
    "name":null,
    "mode":"default"
  },
  "labels":{
    "tok2vec":[

    ],
    "ner":[
      "AG",
      "AG CAD",
      "AG INT",
      "AG OUV",
      "AI",
      "AI CAD",
      "AI INT",
      "AI OUV",
      "ATOT",
      "ATOT CAD",
      "ATOT INT",
      "ATOT OUV",
      "CAD",
      "INT",
      "NCAD",
      "NCAD AG",
      "NCAD AI",
      "NOUV",
      "NOUV AG",
      "NOUV AI",
      "OUV",
      "PPV",
      "PPVm",
      "TOUS"
    ]
  },
  "pipeline":[
    "tok2vec",
    "ner"
  ],
  "components":[
    "tok2vec",
    "ner"
  ],
  "disabled":[

  ],
  "performance":{
    "ents_f":0.4837049743,
    "ents_p":0.5035714286,
    "ents_r":0.4653465347,
    "ents_per_type":{
      "ATOT":{
        "p":0.25,
        "r":0.4,
        "f":0.3076923077
      },
      "AI":{
        "p":0.3888888889,
        "r":0.3888888889,
        "f":0.3888888889
      },
      "TOUS":{
        "p":0.0,
        "r":0.0,
        "f":0.0
      },
      "AG":{
        "p":0.2321428571,
        "r":0.4482758621,
        "f":0.3058823529
      },
      "INT":{
        "p":0.75,
        "r":0.7058823529,
        "f":0.7272727273
      },
      "CAD":{
        "p":0.5454545455,
        "r":0.4,
        "f":0.4615384615
      },
      "OUV":{
        "p":0.8611111111,
        "r":0.8857142857,
        "f":0.8732394366
      },
      "NCAD":{
        "p":0.6774193548,
        "r":0.8076923077,
        "f":0.7368421053
      },
      "PPV":{
        "p":0.5277777778,
        "r":0.6785714286,
        "f":0.59375
      },
      "AI CAD":{
        "p":1.0,
        "r":0.0833333333,
        "f":0.1538461538
      },
      "NCAD AG":{
        "p":0.0769230769,
        "r":0.0434782609,
        "f":0.0555555556
      },
      "PPVm":{
        "p":0.3157894737,
        "r":0.4,
        "f":0.3529411765
      },
      "AG OUV":{
        "p":1.0,
        "r":0.1666666667,
        "f":0.2857142857
      },
      "AI OUV":{
        "p":0.0,
        "r":0.0,
        "f":0.0
      },
      "NOUV AI":{
        "p":0.0,
        "r":0.0,
        "f":0.0
      },
      "AG INT":{
        "p":0.0,
        "r":0.0,
        "f":0.0
      },
      "AG CAD":{
        "p":0.0,
        "r":0.0,
        "f":0.0
      },
      "NCAD AI":{
        "p":0.5,
        "r":1.0,
        "f":0.6666666667
      },
      "ATOT CAD":{
        "p":0.0,
        "r":0.0,
        "f":0.0
      },
      "ATOT INT":{
        "p":0.0,
        "r":0.0,
        "f":0.0
      }
    },
    "tok2vec_loss":684.1183561952,
    "ner_loss":1337.5551993525
  }
}